symbol,data_days,avg_volume_usd,sharpe_gross,sharpe_net,return_gross,return_net,win_gross,win_net,dd_gross,dd_net,n_trades,turnover_pct,total_cost
KMNO,291,2914196.9862243608,3.438902260800396,3.30857469888691,2.8830027840501655,2.772202784050169,56.70103092783505,56.70103092783505,-0.2988461002330529,-0.3044461002330529,139,47.766323024054984,0.11080000000000001
MORPHO,141,13980869.782087613,3.287524153088901,3.1571805720102124,1.2183215954449549,1.1699215954449553,58.86524822695035,57.446808510638306,-0.3074835668090574,-0.31228356680905756,61,43.262411347517734,0.0484
SYRUP,290,13965096.352699606,3.001004724780753,2.857663978977476,2.501398070252738,2.3817980702527426,55.86206896551724,55.51724137931034,-0.4193902022303547,-0.43139020223035474,150,51.724137931034484,0.11960000000000001
BARD,156,14863781.905231941,2.9063851718802827,2.8558299348315366,1.5166333533403824,1.488233353340382,55.12820512820513,55.12820512820513,-0.22037633120050937,-0.2219763312005094,36,23.076923076923077,0.0284
NIL,334,5178618.439347644,2.92018641554258,2.81363555419116,3.482017388559045,3.355217388559048,55.38922155688623,55.08982035928144,-0.6135566785155766,-0.629556678515576,159,47.604790419161674,0.12680000000000002
TRUMP,398,154384809.7419221,2.9087958290809266,2.7750826850845733,3.519218840190189,3.3572188401901935,56.28140703517588,56.28140703517588,-0.42461317206880445,-0.43741317206880304,203,51.005025125628144,0.16200000000000003
VELODROME,435,3774085.4928613314,2.67034098429294,2.5546434094223462,3.5334285494239825,3.380228549423987,54.71264367816092,54.48275862068965,-0.5955660073003494,-0.6075660073003497,192,44.13793103448276,0.1532
PUMP,163,54318787.21354147,2.407422364394278,2.3249724368593587,1.5216229292888914,1.4700229292888922,52.760736196319016,52.14723926380368,-0.40763963207045284,-0.41643963207045287,65,39.87730061349693,0.0516
ERA,219,24308822.671685923,2.0424960647067487,1.935267220084585,1.1924426540918647,1.1296426540918654,54.337899543378995,54.337899543378995,-0.4499468998792353,-0.4563468998792355,79,36.07305936073059,0.06280000000000001
NEWT,242,7509424.967490898,1.9997710635027957,1.883692696934745,1.4180819218573357,1.3344819218573354,55.371900826446286,55.371900826446286,-0.5653902165650029,-0.5773902165650029,105,43.388429752066116,0.08360000000000002
SYN,554,3010466.025257412,1.894274945706784,1.8093691411106607,4.128113768772165,3.944513768772163,55.054151624548744,54.51263537906137,-0.9777211144813487,-0.985721114481348,230,41.51624548736462,0.1836
KITE,110,20401950.12474048,1.733219419659027,1.6607080180684188,0.7215953313221479,0.6907953313221477,52.72727272727272,52.72727272727272,-0.5842788067266601,-0.5922788067266602,39,35.45454545454545,0.030799999999999998
FF,145,46301978.16837539,1.7401437907298987,1.6408924073832558,0.8247701486878501,0.7779701486878492,54.48275862068965,53.79310344827586,-0.3405866487775753,-0.3405866487775753,59,40.689655172413794,0.0468
TREE,207,8894557.147637377,1.727107693496033,1.6295481738737156,1.1198564200294148,1.057056420029413,53.62318840579711,53.62318840579711,-0.7467401724073652,-0.7579401724073654,79,38.164251207729464,0.06280000000000001
MUBARAK,331,9582824.407563522,1.6692382865709303,1.5921527156067392,2.574885795818295,2.4560857958182964,50.15105740181269,49.848942598187314,-0.7952729951613584,-0.8284794699494911,149,45.01510574018127,0.1188
BB,649,12083453.697320228,1.6476743509493237,1.554655783236724,3.9334260977093813,3.712226097709386,54.08320493066255,53.929121725731896,-0.6252315020303413,-0.6300315020303413,277,42.68104776579353,0.2212
AVNT,159,50326394.42323203,1.6011806465683578,1.5298695702931424,1.0261844860684357,0.9809844860684354,46.540880503144656,46.540880503144656,-0.5888571694890048,-0.5904571694890048,57,35.84905660377358,0.045200000000000004
AT,86,15938308.341180597,1.5662582918621486,1.4887173921455654,0.5417979406572395,0.5149979406572388,52.32558139534884,52.32558139534884,-0.4358520726235693,-0.4462520726235696,34,39.53488372093023,0.026799999999999997
CETUS,472,6779691.935134649,1.5762605320340706,1.4755974303704165,2.635187297609927,2.4667872976099305,54.02542372881356,53.60169491525424,-1.187825198141097,-1.2110251981410973,211,44.70338983050847,0.16840000000000002
HYPER,305,7461028.960639091,1.457720953487759,1.4277085262811975,5.331619281230067,5.222419281230067,53.77049180327869,53.442622950819676,-0.6128400534266953,-0.6368400534266949,137,44.91803278688525,0.1092
JST,299,2714992.5370139075,1.6162146138276543,1.3910211481098558,0.6735962045446999,0.5787962045446992,50.50167224080268,49.163879598662206,-0.4355176823332627,-0.4523176823332631,119,39.79933110367893,0.0948
RIF,854,2465691.3766495,1.4253583177218718,1.2888805589951688,3.35049532424986,3.0300953242498676,52.57611241217799,52.341920374707264,-0.8229295861774715,-0.8813295861774735,401,46.95550351288056,0.3204
PHA,418,5257581.179400001,1.38686808553153,1.2789689121051415,1.8776741922478206,1.7316741922478225,51.91387559808612,51.91387559808612,-0.7954785806301954,-0.8330785806301935,183,43.7799043062201,0.14600000000000002
EPIC,345,3261351.915750697,1.3412304496275862,1.266929133844684,2.044839938843448,1.9316399388434504,50.43478260869565,50.43478260869565,-0.6589418186165499,-0.6645418186165495,142,41.15942028985507,0.1132
PLUME,187,10605556.780063882,1.3285140346108597,1.2254025120509957,0.835912720004196,0.7707127200041953,50.26737967914438,50.26737967914438,-0.7593736918260096,-0.7761736918260098,82,43.85026737967914,0.06520000000000001
GPS,354,3738810.153518674,1.3114352891967411,1.2249567995474333,1.879301677158037,1.7557016771580418,51.9774011299435,51.9774011299435,-0.9348991932770259,-0.9436991932770258,155,43.78531073446328,0.12360000000000002
HOME,254,2919399.2711169035,1.3661668209014224,1.223946070713046,0.8063860691774154,0.7227860691774145,50.0,49.21259842519685,-0.3769061620132601,-0.37997098120893436,105,41.338582677165356,0.08360000000000001
W,689,13818428.612691678,1.3216564711010268,1.2096777282909783,2.840251809348027,2.599851809348028,52.5399129172714,52.39477503628447,-0.9089852703738782,-0.9293074285533293,301,43.68650217706821,0.2404
SSV,1093,8543233.782005157,1.3016196693503217,1.1885656840877,4.52554282709741,4.132342827097428,52.05855443732845,51.967063129002746,-2.5295068619559853,-2.6455068619559774,492,45.01372369624886,0.3932
UMA,1018,4456973.584531105,1.2615301120775508,1.1432429600164669,4.094079262106001,3.710479262106016,52.652259332023576,52.357563850687626,-0.7961829386471218,-0.8321829386471173,480,47.151277013752456,0.38360000000000005
SUI,1025,127889000.88271959,1.2248506168222686,1.1134970292538522,3.6898064312500978,3.355006431250102,51.707317073170735,51.41463414634146,-0.9577947355246321,-1.0081091154528745,419,40.8780487804878,0.33480000000000004
1000CAT,431,5208374.59560576,1.1978475117529275,1.1019482797936166,1.9522002150518671,1.7950002150518716,51.27610208816705,51.27610208816705,-0.8896018541144097,-0.8920018541144096,197,45.707656612529,0.1572
MMT,109,31705151.45673366,1.1806654511723902,1.0834922741020518,0.42417962812873566,0.38937962812873483,45.87155963302752,45.87155963302752,-0.39432645472145034,-0.4007264547214505,44,40.36697247706422,0.03480000000000001
SLP,213,1305233.6199219692,1.217493542704103,1.0802023088057673,0.6952277857520067,0.6172277857520061,53.990610328638496,53.52112676056338,-0.6138364753052321,-0.6458364753052324,98,46.009389671361504,0.07800000000000001
FORTH,319,1241319.41190009,1.239650430438164,1.071756845093471,0.8473490673617295,0.7333490673617278,55.172413793103445,54.54545454545454,-0.5310526727353748,-0.536652672735375,143,44.827586206896555,0.11400000000000002
BTC,1878,2648500179.1256347,1.2647950120337588,1.0703626911259638,3.78667008016113,3.2046700801611396,52.12992545260916,51.43769968051119,-0.5874842766945451,-0.6002842766945454,728,38.76464323748669,0.5820000000000001
SXT,289,4120489.3664312544,1.1947336256142422,1.0698262286141804,0.9934738319533292,0.8898738319533287,51.903114186851205,51.903114186851205,-0.6857761550420324,-0.7025761550420321,130,44.982698961937714,0.1036
MBOX,542,3097344.976113507,1.1860550723347494,1.06200783923275,1.879665055657399,1.683265055657407,50.7380073800738,50.55350553505535,-1.186664774015645,-1.2138647740156439,246,45.38745387453875,0.19640000000000002
MANA,1804,43399387.72414515,1.1404706847416666,1.04400217145748,7.356175094087385,6.7333750940873855,51.44124168514412,51.21951219512195,-1.5621156342883573,-1.581315634288357,779,43.18181818181818,0.6228
HEI,373,2800440.8087242637,1.1456677184084532,1.0415190563254348,1.4042181385651675,1.2766181385651665,48.257372654155496,48.257372654155496,-1.3268624073973956,-1.3780624073973966,160,42.89544235924933,0.1276
NOM,143,3002920.27557828,1.0846327668552134,1.0183749290964021,0.676952795344227,0.6357527953442264,53.84615384615385,53.84615384615385,-0.7756880866861471,-0.7796880866861472,52,36.36363636363637,0.0412
PROVE,200,13858722.994373878,1.130294899122875,1.0178488866939959,0.7196311279582924,0.6480311279582911,51.0,51.0,-0.5647897001940905,-0.5999897001940915,90,45.0,0.07160000000000001
ZEN,1878,11012525.89278825,1.0991019937382183,0.9923323580931308,7.206976457296643,6.506576457296658,52.39616613418531,52.07667731629393,-1.8174091966108623,-1.8966091966108596,876,46.64536741214057,0.7004000000000001
ONDO,316,16051325.974963546,1.1335219026263772,0.9862330550416653,0.844285984697402,0.735085984697401,52.53164556962025,52.53164556962025,-0.42582525578277153,-0.42982525578277153,137,43.35443037974683,0.1092
NFP,787,7168340.522968028,1.0763725644009274,0.957488787508361,2.7079981975711895,2.409998197571195,53.367217280813215,52.85895806861499,-1.0383355794340494,-1.1075721086031116,373,47.39517153748412,0.29800000000000004
TIA,844,38492507.743023194,1.0426288906053383,0.9431647385016201,3.022458431843325,2.7340584318433323,52.25118483412322,51.77725118483413,-0.9853320854418053,-1.0117320854418037,361,42.77251184834123,0.28840000000000005
XAI,774,13403425.692868168,1.0252112712892492,0.9227728119412822,2.670426161445444,2.4036261614454513,53.875968992248055,53.617571059431526,-1.1137064856978618,-1.1769064856978582,334,43.15245478036176,0.26680000000000004
AR,1607,14616766.76851158,1.0332778131393558,0.9180888010422882,5.461333917076864,4.853733917076882,53.20472930927194,52.83136278780336,-1.078044411785225,-1.1832084206958382,760,47.29309271935283,0.6076
ACH,1095,8274188.148480153,1.024366604965348,0.9081717512975644,3.4376286589729363,3.0476286589729393,51.96347031963471,51.78082191780822,-1.1764533528878167,-1.2972533528878123,488,44.5662100456621,0.39
RPL,530,2150145.667045956,1.00448477837298,0.8923177667352785,1.764389696043238,1.5671896960432439,53.39622641509434,52.83018867924528,-0.6885009616946602,-0.7261009616946581,247,46.60377358490566,0.19720000000000001
XRP,1878,388242989.8627693,1.0148148690785244,0.8911719844509074,5.38851824962392,4.731318249623926,54.20660276890309,53.51437699680511,-1.0413657417455457,-1.0725657417455465,822,43.76996805111821,0.6572000000000001
HOLO,163,10293290.197592428,0.9820344237221733,0.8731483672672353,0.5434679854513716,0.4830679854513702,54.601226993865026,54.601226993865026,-0.4329758945907095,-0.4425758945907098,76,46.62576687116564,0.060399999999999995
BROCCOLI714,331,5732560.532098667,0.9397156248386608,0.862393815611596,1.514485101525229,1.390085101525232,53.17220543806647,52.87009063444109,-1.0850927466588765,-1.133892746658876,156,47.129909365558916,0.12440000000000001
DYM,745,7591682.48626564,0.9542599769950151,0.8545114859077574,2.6832268690872016,2.402826869087213,52.61744966442953,52.61744966442953,-1.2586626088020703,-1.3058626088020655,351,47.11409395973155,0.28040000000000004
ROSE,1513,14091367.396567207,0.9625750801910579,0.8506381328191952,4.365243248395678,3.858443248395703,51.8836748182419,51.48711169861203,-1.1148081986516387,-1.1324081986516383,634,41.9035029742234,0.5068
ENS,1544,17380084.029721756,0.949974072827991,0.8319757150721175,4.5206548072294686,3.959454807229489,52.2020725388601,52.137305699481864,-1.5483933255141258,-1.605993325514122,702,45.46632124352332,0.5611999999999999
ETH,1878,1405391530.1801624,0.9775319579486283,0.8311031415198062,3.9340411339493735,3.3440411339493745,51.384451544195954,50.69222577209798,-0.7856577732956206,-0.8202858755526417,738,39.29712460063898,0.5900000000000001
BERA,380,18128094.75325744,0.9032412618806017,0.8300887357284796,1.5306985131623159,1.4070985131623135,50.526315789473685,50.26315789473684,-0.848886828316171,-0.8576868283161714,155,40.78947368421053,0.12360000000000002
CGPT,407,3975561.9315727865,0.9523157247830328,0.8266017808081358,1.1682000387331235,1.0142000387331285,51.35135135135135,50.859950859950864,-0.7469235270058006,-0.7917235270057987,193,47.420147420147416,0.15400000000000003
TON,562,28195627.137820814,0.9735222082352143,0.8241999679142523,1.071863241989964,0.9074632419899623,50.355871886120994,49.28825622775801,-0.5186670271945698,-0.52346702719457,206,36.654804270462634,0.16440000000000002
INJ,1284,25145261.374008603,0.9242750123679794,0.8116212077588831,3.6203418780558145,3.179141878055825,52.258566978193144,52.10280373831776,-1.6778945615130771,-1.756847873876813,552,42.99065420560748,0.44120000000000004
GTC,1716,5152690.899130913,0.8851302959939551,0.7906735934586829,5.744779445725367,5.132379445725375,50.291375291375296,50.05827505827506,-1.8693499054722547,-1.8845499054722548,766,44.63869463869464,0.6124
FIDA,520,6900201.9184227325,0.8986598613584269,0.78648490330221,1.4437615948897717,1.2633615948897734,52.69230769230769,52.307692307692314,-2.155210846626464,-2.240810846626464,226,43.46153846153846,0.1804
WAL,134,46481166.24208656,0.8708893323977026,0.7686619615278155,0.3308887927231443,0.2920887927231435,52.98507462686567,52.98507462686567,-0.8732830255961057,-0.8876830255961061,49,36.56716417910448,0.0388
COOKIE,407,5204880.32150354,0.8499282586272663,0.7599787513523505,1.4005589477943592,1.2521589477943613,48.894348894348894,48.402948402948404,-1.6283438048606618,-1.6395438048606619,186,45.7002457002457,0.1484
XVG,962,7099459.89164504,0.8415663240360209,0.7485840479888328,3.079438624823415,2.7382386248234187,52.18295218295218,51.975051975051976,-1.7535371550182977,-1.8295371550182984,427,44.38669438669439,0.34120000000000006
HFT,1052,3305676.202474484,0.8527011875331251,0.7399369484756272,2.8515448778995336,2.475144877899532,51.04562737642585,50.57034220532319,-1.5656712827351182,-1.6659849884980358,471,44.77186311787072,0.37640000000000007
SPK,249,12990384.685944729,0.7934977650329904,0.738829383831932,1.0449746094521566,0.9733746094521556,55.82329317269076,55.42168674698795,-1.3293601504888937,-1.3351902405514728,90,36.144578313253014,0.0716
UNI,1878,43993971.522072695,0.8404069763291585,0.7367907495811539,4.882334195125102,4.281134195125121,51.6506922257721,51.33120340788072,-0.9470182038315746,-0.9638182038315755,752,40.04259850905218,0.6012000000000001
ARPA,1586,6637213.814695367,0.8469529398542092,0.7333851297412884,4.135136553254455,3.5811365532544643,52.33291298865069,52.143757881462804,-1.9520423319680935,-2.0568423319680944,693,43.69482976040353,0.554
AUCTION,799,9161575.981102584,0.8176565669154785,0.7253063684486164,2.2772535912794494,2.020053591279459,49.3116395494368,48.93617021276596,-1.0127494011714586,-1.0496206660971743,322,40.30037546933667,0.25720000000000004
TST,377,14408246.010690289,0.7950553109311767,0.7127226879273197,1.1585047854331023,1.0389047854331048,49.86737400530504,49.86737400530504,-0.8783658438692754,-0.9159658438692724,150,39.787798408488065,0.1196
NEIRO,523,71189669.07430325,0.7780763969593071,0.6998832225437378,1.8048027347637576,1.623602734763759,52.77246653919694,52.77246653919694,-2.150896007147304,-2.193296007147305,227,43.40344168260038,0.18120000000000003
LUMIA,430,2962505.9029454575,0.8017334347876104,0.6856562246518525,1.1616779130631105,0.9932779130631102,50.46511627906977,50.23255813953489,-0.8865196843427926,-0.8993196843427926,211,49.06976744186046,0.16840000000000005
SCRT,457,3038020.3327036733,0.7995621378467294,0.6774884296594444,1.0518700978642714,0.8914700978642702,50.10940919037199,49.89059080962801,-0.923820603003972,-0.9534206030039725,201,43.98249452954048,0.16040000000000004
TUT,331,6449496.926104405,0.758737781509913,0.6765125852554302,1.08673505943938,0.9687350594393809,50.15105740181269,49.848942598187314,-1.2787444956826561,-1.3483444956826542,148,44.71299093655589,0.11800000000000001
SCR,487,5777619.218561326,0.7522315102863667,0.6422996310316865,1.1682104199652834,0.9974104199652851,50.308008213552355,50.308008213552355,-0.7962593067488382,-0.8282593067488383,214,43.94250513347023,0.1708
FUN,327,6190017.552381404,0.7203998161339578,0.6377407431422554,0.7910073132850366,0.7002073132850364,51.98776758409785,51.681957186544345,-1.4414992192065368,-1.457372874408672,114,34.862385321100916,0.09079999999999999
DEGO,435,3438352.3200138304,0.7486137629677921,0.6370153484028905,1.1192732947965336,0.9524732947965356,51.95402298850574,51.724137931034484,-0.8001983901038311,-0.8329983901038314,209,48.04597701149425,0.1668
ICP,1243,21865829.731287822,0.7531549187561217,0.62723056836413,2.5167038165279623,2.0963038165279837,52.53419147224457,52.13193885760258,-1.3084429148449668,-1.4436429148449603,526,42.31697506033789,0.4204
MANTA,765,17270011.03929018,0.739150706065719,0.6258127382251335,1.7709508079021985,1.499350807902203,51.76470588235295,51.633986928104584,-1.7145309916021987,-1.7481309916021974,340,44.44444444444444,0.27160000000000006
AAVE,1878,37237467.52490014,0.7388316343819885,0.6206286971989325,4.12077264966115,3.4619726496611483,50.159744408945684,49.89350372736954,-1.8236457551325882,-1.8956457551325872,824,43.87646432374867,0.6588
ZK,614,15093729.604211664,0.7143795337788743,0.6160052747171196,1.5503689163221968,1.3371689163221976,52.11726384364821,51.62866449511401,-1.0989281291128554,-1.1637281291128558,267,43.48534201954398,0.2132
MOVR,788,5172007.59098786,0.7441918473387205,0.6143356155185473,1.6713873254254836,1.3797873254254884,52.66497461928934,52.28426395939086,-2.4407524993182332,-2.509552499318231,365,46.31979695431472,0.2916
RDNT,1053,6646345.652666317,0.727386995132592,0.6141752170794835,2.172099957036951,1.8340999570369512,51.37701804368471,51.092117758784426,-1.3057429560342202,-1.3561429560342197,423,40.17094017094017,0.338
VANRY,710,6310338.553302766,0.7267504861594181,0.6073745127724998,1.6683585789916662,1.3943585789916662,51.54929577464789,51.12676056338028,-1.9561139115250346,-2.0001139115250353,343,48.30985915492958,0.274
HIVE,425,4688756.908799089,0.7564227416423503,0.5980839122888507,0.6935517304615925,0.5483517304615906,50.588235294117645,50.117647058823536,-0.7012007413826176,-0.7180007413826176,182,42.8235294117647,0.14520000000000002
ILV,834,4153528.730598337,0.715725276236841,0.5944143257390859,1.6956398885574626,1.408839888557462,51.438848920863315,51.3189448441247,-1.7778329481738204,-1.855875862466914,359,43.04556354916067,0.28680000000000005
IMX,1471,8647092.989773987,0.7011232628831393,0.5842160339457138,3.172826398085287,2.6436263980852925,51.665533650577835,51.46159075458871,-1.6096469220137706,-1.6352469220137706,662,45.00339904826649,0.5292
TAO,681,41861411.19286006,0.699373394229188,0.5799513321078025,1.402456235038639,1.1628562350386382,53.15712187958884,53.01027900146843,-1.0094014479344247,-1.0422014479344248,300,44.052863436123346,0.2396
FET,1131,41332373.36363627,0.6788681131172266,0.5751846228179828,2.533576429294805,2.1467764292948064,52.07780725022104,51.812555260831125,-1.6548328396580505,-1.750032839658052,484,42.79398762157383,0.38680000000000003
OGN,1787,9119230.011775954,0.6703335048270135,0.5713588398596775,4.067042631435004,3.466642631435029,51.4829322887521,51.42697257974258,-1.3839627514620059,-1.4551627514620016,751,42.02574146614438,0.6004
MTL,1788,5557967.986974606,0.6795212729580914,0.5629335869143263,3.719846368884382,3.08184636888438,50.44742729306487,50.223713646532445,-1.7964213874126016,-1.816421387412602,798,44.63087248322148,0.6380000000000001
AVA,435,3623237.0307918265,0.695822188322371,0.5589876845844116,0.8150190527387617,0.6546190527387585,51.724137931034484,51.724137931034484,-0.8482124518585032,-0.881812451858504,201,46.206896551724135,0.16040000000000001
JOE,1060,3704453.21916981,0.6751363890382047,0.5551756827621216,2.061268524872159,1.695268524872167,51.509433962264154,50.943396226415096,-1.788037950757598,-1.8392379507575969,458,43.20754716981132,0.366
TURTLE,122,5292419.679724338,0.6930710053824207,0.5532171084098365,0.24461729252406794,0.195417292524067,52.459016393442624,52.459016393442624,-0.8639040542520411,-0.8855040542520416,62,50.81967213114754,0.04920000000000001
PARTI,333,6128496.96521023,0.622761781607693,0.5425059830185331,0.9717979402921494,0.8465979402921477,48.94894894894895,48.64864864864865,-1.3119596344798221,-1.316759634479822,157,47.147147147147145,0.1252
ALPINE,291,6216046.383699672,0.609247886610789,0.5398583332666349,1.0086818375863458,0.8938818375863437,48.797250859106526,48.10996563573883,-1.0786175888070046,-1.1002175888070052,144,49.48453608247423,0.11480000000000001
MAV,968,5960980.128751009,0.6475656064001742,0.5396182554467143,2.0640469915736293,1.7204469915736422,49.89669421487603,49.79338842975206,-1.4389192112737277,-1.5197192112737241,430,44.421487603305785,0.3436
XVS,1045,3355558.8029926345,0.676627358222769,0.5376612775633152,1.9131225251545663,1.5199225251545803,51.578947368421055,51.196172248803826,-0.9015632819183493,-0.9471632819183492,492,47.08133971291866,0.39320000000000005
SAND,1853,56294890.13426004,0.6154191193972769,0.5199020704186476,4.074014594300366,3.441614594300381,52.23961144090664,52.02374527792768,-2.002692367078792,-2.0818923670787917,791,42.68753372908797,0.6324000000000001
XPL,149,139076537.394964,0.5972983096257433,0.5117316128905154,0.37675888846136807,0.32275888846136713,50.33557046979866,50.33557046979866,-1.0188465462424712,-1.0332465462424716,68,45.63758389261745,0.054000000000000006
ZRO,611,18614082.17661355,0.60765448884036,0.4994629040726643,1.162192454897942,0.9553924548979409,49.91816693944354,49.42716857610475,-1.4158505791188114,-1.444650579118812,259,42.38952536824877,0.2068
IOST,1878,12436941.214951763,0.6167571551155202,0.49629977859811764,3.4314720110725454,2.7606720110725513,50.69222577209798,50.319488817891376,-1.7294815841902476,-1.8774815841902472,839,44.67518636847711,0.6708000000000002
EIGEN,508,22994896.053125095,0.5878256701258983,0.4898877493541394,1.1263370228845502,0.9387370228845515,51.96850393700787,51.96850393700787,-1.556430246952843,-1.5812302469528428,235,46.25984251968504,0.18760000000000004
MASK,1639,14274165.413452227,0.5807230974412615,0.4833134210861123,3.2984520845794045,2.744452084579402,52.47101891397193,52.16595485051862,-2.4150817721823055,-2.6206817721823077,693,42.281879194630875,0.554
GIGGLE,119,41792868.673533686,0.5566048393084899,0.47713537150739566,0.26586956334681267,0.22786956334681166,52.10084033613446,50.42016806722689,-0.4793139138028292,-0.4977139138028297,48,40.33613445378151,0.03800000000000001
APE,1437,38968535.1720274,0.5821854430778092,0.46650373413591095,2.558825864465393,2.0504258644654074,51.496172581767574,51.496172581767574,-2.3600051259577706,-2.43360512595777,636,44.258872651356995,0.5084000000000001
LDO,1248,21615173.522973545,0.5736906583742063,0.46483839506344043,2.2367381718941983,1.8123381718941995,50.80128205128205,50.641025641025635,-2.440843851382085,-2.543243851382087,531,42.54807692307692,0.42440000000000005
AXL,722,5455446.838313842,0.5598102116748659,0.45559048840453426,1.3065847285528664,1.0637847285528799,50.83102493074792,50.41551246537396,-1.7103694506608522,-1.8026774491328474,304,42.10526315789473,0.24280000000000002
SOLV,400,7167836.475787536,0.5558954965849502,0.45431545824760544,0.7327322762135079,0.5987322762135103,51.0,51.0,-1.2579960639589631,-1.340981456496054,168,42.0,0.134
CELO,1608,8246330.113887115,0.5779352368446622,0.4528222903910546,2.587907778130118,2.0275077781301403,50.49751243781094,50.373134328358205,-1.1014295384295514,-1.1854295384295526,701,43.59452736318408,0.5604
A2Z,206,3377898.7311947225,0.5547582223490741,0.4444428495693838,0.3817450321896858,0.30614503218968625,51.45631067961165,50.970873786407765,-1.3532022830474117,-1.3836022830474108,95,46.116504854368934,0.0756
QNT,1220,4719427.038442051,0.6137376077043645,0.439888326944163,1.5993072855296078,1.1461072855296093,51.63934426229508,51.0655737704918,-1.1296394904112352,-1.2432394904112352,567,46.47540983606557,0.45320000000000005
1000CHEEMS,377,3815364.3698483733,0.5469933817198538,0.4341089237363472,0.630075895606344,0.5000758956063418,52.51989389920424,52.254641909814325,-1.1164114142688466,-1.1629772664170943,163,43.236074270557026,0.13
TRX,1878,99162689.31450391,0.5811181246204592,0.43284481804494135,2.4977605910485323,1.8597605910485693,51.597444089456864,50.85197018104366,-1.4064281740099203,-1.464028174009921,798,42.49201277955272,0.6380000000000001
IO,620,19389970.80125831,0.5354599207071236,0.42711391086898554,1.1562609251955667,0.9222609251955644,49.193548387096776,49.03225806451613,-0.9356221733418588,-0.9580221733418594,293,47.25806451612903,0.23399999999999999
KAIA,444,5945313.295826507,0.5443868512563584,0.42598625622086234,0.6752446804681795,0.5284446804681787,52.92792792792793,52.702702702702695,-0.7853531695008668,-0.8533531695008669,184,41.44144144144144,0.14680000000000004
PEOPLE,1520,23315610.03305978,0.5049680471998421,0.42271168859880315,3.1750791362864987,2.6578791362865095,50.19736842105264,49.80263157894737,-3.4098745583994328,-3.537074558399428,647,42.56578947368421,0.5172000000000001
WCT,312,10240500.8284731,0.4816226196403334,0.4038757094929376,0.55839068433639,0.4683906843363892,47.43589743589743,47.43589743589743,-1.112762738791646,-1.1639627387916462,113,36.217948717948715,0.09
POWR,848,4344737.107466009,0.5340923050543545,0.4007202618668447,1.241732101964182,0.931732101964174,50.589622641509436,50.35377358490566,-0.9041629749920765,-1.061759746053786,388,45.75471698113208,0.31000000000000005
RESOLV,255,7026691.581383531,0.4652415395268291,0.3959925322406246,0.5302994141297076,0.45149941412970707,53.333333333333336,53.333333333333336,-1.1256073291705222,-1.1328073291705223,99,38.82352941176471,0.0788
AI,775,11573840.823428174,0.4959527979876206,0.3938098303151366,1.2751838350636575,1.0123838350636551,51.2258064516129,50.967741935483865,-1.0642404134434456,-1.1290404134434464,329,42.45161290322581,0.26280000000000003
WLD,943,65591533.013664514,0.48859053118586465,0.39264848395144764,1.755286030883179,1.4108860308831759,50.90137857900318,50.68928950159067,-1.6010104326261099,-1.7282104326261112,431,45.705196182396605,0.34440000000000004
OXT,925,2169033.266282428,0.5383625377486987,0.38922260171050826,1.1846130633800205,0.8562130633800253,50.16216216216216,50.16216216216216,-2.20030304663809,-2.328303046638088,411,44.432432432432435,0.3284
DYDX,1625,26836810.293768845,0.48843910113747496,0.3726013298787536,2.4989992882277,1.9057992882277257,50.215384615384615,49.84615384615385,-1.4229983586749952,-1.5673089907611,742,45.661538461538456,0.5932000000000001
COTI,1809,11437538.604792254,0.4478200075241775,0.35488472162624735,2.8997592191409423,2.2977592191409606,49.8065229408513,49.47484798231067,-2.0443056162283417,-2.4099253594565115,753,41.625207296849084,0.6020000000000001
COMP,1878,10590073.215859545,0.46479258623619146,0.3521779693528169,2.573713016354546,1.9501130163545513,52.87539936102237,52.342917997870074,-1.2673046398005683,-1.3745161194637556,780,41.533546325878596,0.6236000000000002
TURBO,523,15078100.878791701,0.43726302505204956,0.35148728567590487,0.9525633243781422,0.7657633243781455,50.09560229445506,49.90439770554494,-1.0824152684495414,-1.12801526844954,234,44.74187380497132,0.18680000000000002
MET,100,14940632.710560178,0.46493005043129737,0.3478364105755429,0.1320322924956322,0.09883229249563234,52.0,52.0,-0.43327431778790004,-0.44367431778789995,42,42.0,0.03320000000000001
XMR,1133,20725116.862132832,0.48598591868392266,0.34273929893502836,1.3604445001871046,0.9592445001871219,52.42718446601942,51.63283318623124,-1.5674845950173344,-1.6250845950173312,502,44.3071491615181,0.4012
HOOK,1125,7388118.267594856,0.4579293321249728,0.33609290937970504,1.5236128246941942,1.1184128246941931,50.044444444444444,49.68888888888889,-1.085361862031164,-1.2378108333589448,507,45.06666666666666,0.4052
BAND,1878,6457205.538548066,0.4220772600979193,0.3234139467280166,2.705398495820583,2.072998495820593,50.74547390841321,50.21299254526092,-2.6963191294944076,-2.8947191294944075,791,42.119275825346115,0.6324000000000001
LISTA,611,7745526.344748112,0.4161032979212705,0.31979048496386814,0.97297904758445,0.7477790475844481,50.40916530278232,50.40916530278232,-1.2415277984137054,-1.2703277984137058,282,46.15384615384615,0.2252
IOTX,1654,11691068.602102233,0.41289080051640176,0.3181754434210201,2.3772380235314006,1.8320380235314082,50.725513905683194,50.241837968561065,-1.9427771352650247,-1.9835771352650233,682,41.23337363966142,0.5452000000000001
KAVA,1878,13214084.043314347,0.42629410478060575,0.3089559512203555,2.350684028273386,1.7038840282733978,50.159744408945684,49.84025559105431,-3.474360318407218,-3.6887603184072133,809,43.077742279020235,0.6468
DOGS,544,17798427.208907355,0.4006427340250593,0.30308349657322936,0.7345711365669635,0.5557711365669614,51.83823529411765,51.83823529411765,-1.9343347350901088,-1.9599347350901084,224,41.17647058823529,0.17880000000000001
RLC,1878,6662408.606357936,0.40578612605623016,0.30193359576025275,2.7143372701442696,2.019537270144277,50.58572949946751,50.26624068157615,-2.215450695743649,-2.3306506957436453,869,46.27263045793397,0.6948000000000001
KAITO,366,18374990.962117337,0.38213745186915465,0.2952716459586769,0.5041464327317192,0.3893464327317243,49.45355191256831,49.18032786885246,-1.6148082868769578,-1.655608286876955,144,39.34426229508197,0.11480000000000001
SAGA,683,16321984.434428552,0.3795475856709947,0.2877633521066935,0.9540711254167771,0.7232711254167745,49.341142020497806,49.04831625183016,-1.3239782973270753,-1.336778297327075,289,42.313323572474374,0.2308
BNB,1878,352040798.56823796,0.41597102669444447,0.283341865418554,1.8017955167003081,1.226995516700319,51.597444089456864,50.638977635782744,-1.771633449194884,-2.0948334491948755,719,38.28541001064963,0.5748
BICO,877,2929359.158763404,0.40524290642299504,0.2782798175747798,1.0200698842821847,0.7004698842821905,51.08323831242873,50.969213226909915,-1.7367141747822061,-1.9463141747822026,400,45.61003420752566,0.31960000000000005
CYBER,915,9799865.27013958,0.38065997611586305,0.2775080760779843,1.0975457858723647,0.8003457858723707,50.81967213114754,50.81967213114754,-1.3669755676636026,-1.3990278661159001,372,40.65573770491803,0.2972
1000SATS,802,37733852.72170482,0.3695765904602906,0.2756879396572667,1.0785326888883298,0.8045326888883296,51.74563591022444,51.6209476309227,-2.8606466282853686,-2.930620458477569,343,42.768079800498754,0.274
USTC,817,9976807.94379518,0.36511766690294306,0.26564646747972415,0.9501561652527154,0.691356165252722,51.774785801713584,51.162790697674424,-2.180068452439344,-2.315268452439341,324,39.657282741738065,0.25880000000000003
ADA,1878,194014890.78346497,0.38805325002694585,0.2641161565400584,1.9793873304506961,1.3469873304507185,51.17145899893504,50.95846645367412,-1.713983989042509,-1.781983989042505,791,42.119275825346115,0.6324000000000001
ENSO,130,16234063.07757292,0.298008929038377,0.2632235400067348,0.3042223912642338,0.2686223912642338,46.92307692307692,46.92307692307692,-1.2250222701783122,-1.2290222701783122,45,34.61538461538461,0.03560000000000001
SOMI,172,31419044.330864515,0.3401925048806303,0.26289544272194104,0.27297073486353896,0.2109707348635387,52.32558139534884,52.32558139534884,-0.9446816763177363,-0.9558816763177364,78,45.348837209302324,0.062000000000000006
NMR,975,3686609.8091340745,0.3632646683607354,0.2612318998321647,1.2723429463792917,0.9151429463792926,48.30769230769231,48.0,-1.2809725787558088,-1.4083737115616857,447,45.84615384615385,0.3572000000000001
DENT,1795,13976013.65819618,0.36832315512400066,0.2582628600351612,2.132177896643965,1.4949778966439653,50.64066852367688,50.64066852367688,-1.3935363581193767,-1.5858878886816525,797,44.401114206128135,0.6372000000000001
LA,227,5341319.293797717,0.3519971603641832,0.25466310192478014,0.26823524715954206,0.19423524715954082,54.18502202643172,54.18502202643172,-1.0654161321754971,-1.0694161321754971,93,40.969162995594715,0.07400000000000001
D,408,2147661.8444873225,0.36201242121782623,0.24565907955295083,0.45448784566016587,0.3084878456601654,50.98039215686274,50.98039215686274,-0.7637878640684472,-0.8293878640684476,183,44.85294117647059,0.14600000000000002
REZ,662,7659628.491481099,0.32214640073154505,0.23728559057692358,0.7991998606746841,0.5883998606746811,51.20845921450151,50.90634441087614,-1.3181070817933378,-1.377676462788334,264,39.87915407854985,0.2108
COW,472,8984599.83642743,0.3227025803865566,0.23463916689003997,0.5819267391754668,0.42312673917546384,48.30508474576271,48.09322033898305,-1.445620906669427,-1.460020906669427,199,42.16101694915254,0.15880000000000002
BEL,1878,5739030.738658476,0.30887496681037696,0.22206858180386005,2.3696296545082336,1.703629654508266,51.01171458998935,50.53248136315229,-1.610231662324603,-1.735992727692655,833,44.35569755058573,0.6660000000000001
ASTER,138,109769115.29164553,0.33514611913187736,0.2171135849071295,0.15580184942831865,0.10100184942831775,49.275362318840585,49.275362318840585,-0.6449140647809574,-0.6489140647809575,69,50.0,0.0548
TRU,1082,5597969.855741706,0.3209626188113258,0.20941821738275204,1.1180660369262383,0.7296660369262351,50.0,49.63031423290204,-1.3303954572965861,-1.3543954572965864,486,44.91682070240296,0.38839999999999997
LINEA,164,29391524.28471866,0.30261466546509574,0.20779453739482764,0.1723781379049496,0.11837813790494922,50.0,50.0,-0.5277238222165124,-0.5477238222165124,68,41.46341463414634,0.054000000000000006
NEAR,1878,60507307.65441408,0.3032125332279231,0.20507802792326815,1.8969793327777036,1.2829793327777157,51.75718849840255,51.54419595314164,-1.6295162135185624,-1.6933183348046117,768,40.894568690095845,0.6140000000000001
BMT,340,4500118.315144681,0.3089071516921096,0.19624926191852965,0.3541817663902499,0.22498176639025214,48.529411764705884,48.529411764705884,-1.5531707714529106,-1.612370771452909,162,47.647058823529406,0.1292
ATA,1635,5143459.35571789,0.29824456463974847,0.19491651559517814,1.6253616293786388,1.0625616293786555,50.948012232415905,50.70336391437309,-2.3395946945324884,-2.5755946945324775,704,43.05810397553517,0.5628000000000001
BEAMX,827,9377646.41549399,0.30329700601358056,0.19287717110096647,0.7739701928455704,0.4919701928455684,51.14873035066505,51.14873035066505,-1.2475860824601783,-1.2747860824601787,353,42.68440145102781,0.28200000000000003
USUAL,430,25384011.22365971,0.27336260154105374,0.1867067712150491,0.4656206659185168,0.3180206659185154,50.23255813953489,50.23255813953489,-1.479340252091741,-1.5281402520917413,185,43.02325581395349,0.1476
KSM,1878,12341404.929894928,0.2905251429868309,0.18270408477494973,1.7666858580632265,1.1110858580632295,52.07667731629393,51.6506922257721,-4.08229808647492,-4.360097668029195,820,43.66347177848775,0.6556000000000002
PUNDIX,297,1878390.6589182313,0.3288669170627541,0.17926887762677035,0.20525048759814857,0.11205048759814837,49.158249158249156,48.821548821548824,-0.6843210510876071,-0.7251210510876072,117,39.39393939393939,0.0932
WOO,1415,4704446.919298411,0.29315825827333053,0.17513001142488846,1.2546861183075992,0.7494861183075938,52.36749116607774,52.226148409893995,-1.621654824453906,-1.7221377638921136,632,44.6643109540636,0.5052
STRK,732,23257721.850651775,0.2774168360234732,0.17305061683816678,0.6519924498582161,0.40679244985821306,51.63934426229508,51.502732240437155,-1.1567145423817857,-1.2263145423817876,307,41.939890710382514,0.24520000000000003
1INCH,1878,14011567.763080597,0.28376412117675537,0.1669819207814268,1.5639323695564376,0.9203323695564353,50.638977635782744,50.159744408945684,-1.6621221000402606,-1.8644426604952316,805,42.86474973375932,0.6436
NTRN,830,5098309.35006993,0.2581735530038647,0.14667701015677617,0.673205394932171,0.3824053949321664,50.0,49.63855421686747,-1.2076760874563655,-1.2876760874563662,364,43.855421686746986,0.29080000000000006
EGLD,1878,20414553.771010827,0.2562886763864125,0.1363961778676925,1.3362399429906142,0.7110399429906076,51.17145899893504,50.74547390841321,-2.0672941122875668,-2.2049367770524713,782,41.640042598509055,0.6252000000000001
SOL,1878,426498788.0900997,0.23111854349945132,0.1256261284032873,1.3501273470531565,0.7337273470531452,49.57401490947817,49.36102236421725,-1.4029044765791316,-1.6747060602431503,771,41.054313099041536,0.6164000000000001
XTZ,1878,15472707.545195114,0.2459952205633769,0.11970407209057558,1.2910119023994684,0.6282119023995,49.201277955271564,49.04153354632588,-2.490503793346952,-2.9205899625518272,829,44.142705005324814,0.6628000000000001
DOGE,1878,367482612.2378476,0.17175658620672113,0.11772590021978739,1.8753739751065301,1.2853739751065352,51.54419595314164,51.01171458998935,-3.767684148355376,-4.125079911720137,738,39.29712460063898,0.5900000000000001
ALICE,1803,20675948.809012882,0.21854371099446415,0.11594512277296423,1.4101175269795776,0.7481175269796013,50.249584026622294,49.97226844148641,-3.776486487456399,-4.235686487456373,828,45.92346089850249,0.662
LQTY,1079,6143239.761848857,0.21996118466028255,0.10500184841531174,0.7400744428156011,0.3532744428155993,52.36329935125116,51.80722891566265,-3.1425431592551103,-3.22494315925511,484,44.8563484708063,0.38680000000000003
ATOM,1878,44056725.205325425,0.22139195773109907,0.09901405421518532,1.1976926141846054,0.5356926141846245,49.78700745473908,49.52076677316294,-2.2821400741227675,-2.4181400741227623,828,44.08945686900959,0.6620000000000001
RUNE,1878,41481639.25182249,0.19210114007466553,0.09561896665524855,1.2893954369936718,0.6417954369936765,50.47923322683706,50.3727369542066,-2.4386523635101387,-2.495452363510138,810,43.13099041533546,0.6476000000000002
DUSK,1506,4813959.07575408,0.20098972396057407,0.09527701052160806,1.0413229180297174,0.49372291802971835,50.199203187250994,50.0,-2.577924587937489,-2.6139245879374897,685,45.48472775564409,0.5476000000000001
SUSHI,1878,23620358.025021844,0.19217099906980745,0.09391076015944719,1.2446651694356705,0.6082651694356803,49.94675186368477,49.89350372736954,-3.6115887005760148,-3.720388700576012,796,42.38551650692226,0.6364000000000001
BOME,707,53660265.904704146,0.1870856581248736,0.09112819688251748,0.4751813010924121,0.2315813010924089,50.777934936350775,50.495049504950494,-1.4673574210171823,-1.5185574210171833,305,43.14002828854314,0.24360000000000004
JTO,806,20081483.018569626,0.19025248348487858,0.08942233179133291,0.49740363627688855,0.2338036362768921,51.1166253101737,50.744416873449126,-1.8660024012410756,-2.0020024012410733,330,40.94292803970223,0.26360000000000006
SANTOS,481,3875351.861366707,0.23453053842631236,0.08741572544183121,0.2633706383690484,0.09817063836904663,49.68814968814969,49.272349272349274,-0.6621483556264124,-0.726313477248722,207,43.03534303534304,0.16520000000000004
RSR,1878,11816203.202869186,0.16777603943416405,0.0856617776625112,1.295452878962147,0.6614528789621577,50.95846645367412,50.85197018104366,-2.3429116404437864,-2.536511640443787,793,42.225772097976574,0.6340000000000001
0G,152,13100824.190516325,0.13835751706451554,0.07734665473386454,0.0844412748284491,0.047241274828448504,48.68421052631579,48.68421052631579,-0.9516664729149776,-0.9796664729149781,47,30.92105263157895,0.0372
LTC,1878,94354461.79179332,0.20721343222502783,0.06878334572350685,0.9154373771606187,0.3038373771606149,50.905218317358894,50.58572949946751,-1.3990918797019436,-1.4790918797019434,765,40.73482428115016,0.6116000000000001
PORTAL,723,7803751.240998335,0.16188977068530505,0.05812193565648621,0.4062596162365524,0.1458596162365498,49.23928077455049,49.23928077455049,-1.4101272402329308,-1.4285272402329312,326,45.08990318118949,0.2604000000000001
HIGH,1110,6885064.293973142,0.17389441942784148,0.057887451752309624,0.6026238286274048,0.20062382862740225,49.009009009009006,48.82882882882883,-1.8134776672255262,-1.827877667225526,503,45.31531531531531,0.402
VANA,432,11438479.1650561,0.15566132389673884,0.051206629008592984,0.20450697951042185,0.06730697951042039,50.0,49.76851851851852,-1.018226451799244,-1.039026451799244,172,39.81481481481482,0.13720000000000002
APT,1221,43584507.54079403,0.16516593690227763,0.04827403095333466,0.5736873240986636,0.16768732409866213,48.075348075348074,47.82964782964783,-1.797181602437293,-1.9977179485594867,508,41.6052416052416,0.406
TRB,1878,13082853.719523493,0.12738646601576706,0.042919404294447995,0.9694745574301059,0.3266745574301052,51.2779552715655,50.95846645367412,-2.5472328543019254,-2.662432854301925,804,42.81150159744409,0.6428
TNSR,684,9010786.046023238,0.07940580772009499,0.024937812287555813,0.3597921987825694,0.1129921987825716,47.22222222222222,47.07602339181287,-3.348695322880635,-3.444695322880631,309,45.17543859649123,0.24680000000000002
BCH,1878,50721062.14145972,0.1569949608962347,0.021300369323723825,0.7733011864450673,0.10490118644508087,50.3727369542066,50.0,-2.039809107361506,-2.187043993418777,836,44.515441959531415,0.6684000000000001
FIL,1878,73905827.88430713,0.1254195498088237,0.020645548335503028,0.7541513653561283,0.12415136535613377,50.74547390841321,50.3727369542066,-2.192542204346223,-2.6117295379975407,788,41.959531416400424,0.6300000000000001
CTSI,1579,4786662.404277953,0.14266232849457675,0.017837385751379622,0.6733851543295537,0.08418515432954643,49.01836605446485,48.76504116529449,-1.9905621542688625,-2.2401621542688663,737,46.67511082963901,0.5892000000000001
PYTH,750,13255921.146754647,0.10513194099314015,0.007349192261997056,0.2765358665214811,0.019335866521487534,48.13333333333333,47.733333333333334,-2.2855882892007786,-2.3759882892007775,322,42.93333333333334,0.25720000000000004
ONE,1801,20338903.015254136,0.10928207520205536,0.006740991248824435,0.6535038578703383,0.04030385787033463,48.63964464186563,48.63964464186563,-1.9833354022677256,-2.4305354022677284,767,42.58745141588007,0.6132000000000001
GUN,327,7208969.592627799,0.08305516948352969,0.005964375694313002,0.10989323617547597,0.007893236175475571,51.07033639143731,50.764525993883794,-1.2571958298496566,-1.3051958298496575,128,39.14373088685015,0.10200000000000001
CELR,1790,9975192.986240247,0.10365406846249034,0.0004766519770524021,0.6329101875627016,0.002910187562717775,48.60335195530726,48.49162011173184,-1.920155092582471,-2.429124900236501,788,44.022346368715084,0.6300000000000001
SKL,1878,7317722.715359957,0.08918067939294991,0.00017042242037232304,0.6288015004849659,0.0012015004849711287,50.319488817891376,50.05324813631523,-2.9668178640189473,-3.492417864018944,785,41.79978700745474,0.6276
SUN,548,6597859.719705996,0.1347343359028739,-0.00461882828526217,0.18911704935303542,-0.006482950646966291,47.08029197080292,46.35036496350365,-1.326815724156857,-1.418815724156858,245,44.70802919708029,0.1956
XLM,1878,40649337.97139023,0.12613236012860968,-0.005602562931305333,0.6208254084948813,-0.027574591505123022,50.53248136315229,49.84025559105431,-1.2321928211486202,-1.4309044909474409,811,43.184238551650694,0.6484000000000001
NOT,646,46216027.66471569,0.09254699987983968,-0.008331868944008653,0.20879816513559246,-0.01880183486441052,50.92879256965944,50.92879256965944,-1.0205894776122193,-1.0788285733157754,285,44.11764705882353,0.2276
GMX,1100,4771124.851671813,0.13895040717286664,-0.00836689853357374,0.37991265137687613,-0.022887348623121726,51.272727272727266,51.0,-2.027954189475848,-2.122354189475849,504,45.81818181818182,0.40280000000000005
HOT,1789,18796408.174473837,0.10847844441714487,-0.01088872910802755,0.5449099676994719,-0.05469003230052065,50.475125768585805,50.307434320849644,-2.2767212604281264,-2.6855212604281222,750,41.922861934041364,0.5996
SNX,1878,12408448.993997948,0.07823385286335764,-0.01836981794926346,0.5121216850892844,-0.12027831491070418,50.0,49.84025559105431,-2.592381623598618,-2.843581623598612,791,42.119275825346115,0.6324000000000001
ALGO,1878,27070571.919241957,0.09054018469208407,-0.02472590594272272,0.4879196477606228,-0.13328035223938225,50.319488817891376,50.106496272630466,-2.3984551935982763,-2.803255193598281,777,41.373801916932905,0.6212000000000001
API3,1460,5373647.350141176,0.07909303823731759,-0.025710501532373864,0.39696447564582804,-0.1290355243541602,51.50684931506849,51.369863013698634,-2.7941779749398337,-2.9413779749398263,658,45.06849315068493,0.526
BIGTIME,316,1699921.9507816972,0.12644628828063767,-0.02678601009024442,0.10001625794943492,-0.021183742050565654,50.31645569620253,48.734177215189874,-1.4253691982701182,-1.4821691982701186,152,48.10126582278481,0.1212
STG,1276,6342703.881533621,0.10410779994142039,-0.029676995031795852,0.34272176038406077,-0.09767823961594398,50.470219435736674,50.15673981191222,-2.6162168499851064,-2.8017622662208126,551,43.18181818181818,0.4404
CKB,1089,9466555.972280858,0.07887554876809531,-0.03113782781302215,0.2807697489117327,-0.11083025108826974,50.321395775941234,50.13774104683195,-2.887720093321026,-3.0317200933210247,490,44.995408631772264,0.39160000000000006
AXS,1878,39974330.68713224,0.0599957303109997,-0.03448296939721372,0.4193813869411255,-0.24101861305885874,49.41427050053248,49.25452609158679,-4.135945785594233,-4.616745785594223,826,43.98296059637913,0.6604000000000001
ASTR,1103,6078586.096953377,0.10826302511594217,-0.04045927975386169,0.28684109517254985,-0.1071589048274422,51.4959202175884,51.13327289211242,-2.496934386410666,-2.620934386410664,493,44.69628286491387,0.394
NXPC,282,7598809.474809088,0.051306226577996314,-0.050880341270080204,0.03916562876779561,-0.038834371232204554,51.06382978723404,50.35460992907801,-0.8373983335926205,-0.8845983335926209,98,34.751773049645394,0.078
ACE,796,9448633.950216813,0.05765471743925396,-0.050995669278915016,0.14624458293727594,-0.1293554170627148,51.75879396984925,51.381909547738694,-2.6424518983920704,-2.770451898392069,345,43.34170854271357,0.2756
ONT,1878,13521042.331144836,0.058157375954603574,-0.06118363932597555,0.31093343449562494,-0.3270665655043825,50.106496272630466,49.89350372736954,-1.7824606543373347,-2.251260654337339,798,42.49201277955272,0.6380000000000001
CHZ,1857,50014560.55284708,0.022499426887715623,-0.07400527349929176,0.1470676895282954,-0.4837323104717044,48.949919224555735,48.842218632202474,-2.589370998266119,-3.066170998266119,789,42.48788368336026,0.6308
TLM,1059,2851054.769190976,0.053434842014457126,-0.0746589789203477,0.14931654641080339,-0.20868345358920007,49.10292728989613,49.10292728989613,-1.5620010561416795,-1.616889379820385,448,42.30406043437205,0.35800000000000004
ASR,291,4003775.58672164,0.020668368864121055,-0.07553070389174767,0.022254947713920226,-0.08134505228608138,48.797250859106526,48.797250859106526,-1.0995113958333453,-1.121911395833346,130,44.67353951890035,0.10360000000000001
CRV,1878,31873868.433814622,0.027748807911604688,-0.07606464514614514,0.18377896990397757,-0.5038210300960251,49.04153354632588,48.93503727369542,-2.688499411107151,-2.7772994111071494,860,45.79339723109691,0.6876000000000001
RVN,1824,9116076.120053032,0.03758588162985017,-0.07650687046884505,0.2070196762488392,-0.4213803237511672,50.877192982456144,50.6578947368421,-2.3701708778942594,-2.7368286457894984,786,43.09210526315789,0.6284000000000001
1MBABYDOGE,523,15143533.044325195,0.020665722945829922,-0.07771509647524054,0.037052801013797376,-0.13934719898620435,49.90439770554494,49.7131931166348,-1.348362151570593,-1.4371621515705941,221,42.25621414913958,0.1764
ID,1066,11522937.366817556,0.011754051097356775,-0.08432882638849223,0.039988907830746045,-0.2868110921692584,50.187617260787995,49.812382739212005,-2.889832993209474,-2.985832993209474,409,38.367729831144466,0.32680000000000003
BANANA,555,5876673.536384692,0.009904719225810484,-0.09566307794765919,0.018957357086590965,-0.1830426429134126,53.69369369369369,53.69369369369369,-1.7082280428921055,-1.7618280428921065,253,45.585585585585584,0.202
JUP,752,27293314.95517911,0.008764535395546353,-0.1039090539337686,0.020191196496112007,-0.239408803503886,51.06382978723404,51.06382978723404,-2.9812727667864936,-3.0860727667864927,325,43.21808510638298,0.25960000000000005
S,401,26873228.470248148,0.002640316135053519,-0.10668847212002554,0.003431650896781324,-0.13856834910322158,50.12468827930174,49.62593516209476,-1.2626627421619214,-1.2943943761659464,178,44.38902743142145,0.14200000000000002
HBAR,1802,32930796.885248147,0.0060004604545248865,-0.10691072226900829,0.03275934089245158,-0.5836406591075258,49.88901220865705,49.722530521642625,-2.7455124435943064,-2.895112443594305,771,42.7857935627081,0.6164000000000001
SUPER,818,6395410.3730826685,-0.014833271188477834,-0.11408919823382896,-0.038443362869314046,-0.2956433628693135,51.22249388753056,51.22249388753056,-1.7114460985910596,-1.7578916511895646,322,39.36430317848411,0.25720000000000004
BABY,317,5953709.446596344,-0.014162129172280543,-0.11457831858764841,-0.014604644534271793,-0.11820464453427279,46.68769716088328,46.68769716088328,-0.8027648402570661,-0.8299648402570666,130,41.00946372239748,0.1036
QTUM,1878,12250175.619605802,-0.009333758016651691,-0.12666445154303915,-0.05266268324169199,-0.7146626832416938,52.23642172523961,52.07667731629393,-2.4821458937251086,-2.637345893725109,828,44.08945686900959,0.6620000000000001
ZRX,1878,6865503.409759092,-0.018259431219549257,-0.12926323534455283,-0.1087689075300381,-0.7699689075300334,48.988285410010654,48.722044728434504,-3.8263478219153706,-4.212747821915372,827,44.036208732694355,0.6612000000000001
GMT,1439,54001683.577938706,-0.027654621857496838,-0.1300678155428337,-0.1280311767637221,-0.6020311767637265,49.13134120917304,48.85337039610841,-2.443820658659251,-2.6606206586592536,593,41.20917303683113,0.47400000000000003
IOTA,1878,13580320.125507234,-0.008967708465877413,-0.13242737222367484,-0.048250107199838466,-0.7126501071998222,50.95846645367412,50.798722044728436,-2.2267104637418136,-2.6498310171463273,831,44.24920127795527,0.6644000000000001
STX,1096,18184810.06913409,-0.03918599944083048,-0.14530880922044292,-0.1250578716602978,-0.4638578716603027,50.912408759124084,50.45620437956204,-1.6106065370130551,-1.8340050911591281,424,38.68613138686132,0.3388
OG,285,6570163.8658473175,-0.07099801282355006,-0.15185816663403495,-0.07700232686847175,-0.164602326868472,49.122807017543856,48.771929824561404,-1.4154384334849814,-1.4626384334849818,110,38.59649122807017,0.08760000000000001
PIXEL,733,15546276.582673414,-0.04638165752202341,-0.15520370221761523,-0.11682474565336631,-0.39082474565336833,50.886766712141885,50.886766712141885,-1.730524678676559,-1.9113246786765588,343,46.793997271487044,0.274
PROM,402,2062553.819067548,-0.01666657065248643,-0.15789842757112477,-0.01703697849749719,-0.16143697849749844,52.48756218905473,51.741293532338304,-1.5238488655069715,-1.603848865506972,181,45.024875621890544,0.14440000000000003
POLYX,850,7895086.597315788,-0.044984167774229235,-0.1611288323589692,-0.1132056591979731,-0.405605659197976,50.94117647058823,50.588235294117645,-2.172482023445083,-2.394082023445085,366,43.05882352941177,0.2924
GALA,1617,62233359.80151854,-0.07316861114839822,-0.16272232599510678,-0.4387598254112439,-0.975959825411233,50.03092145949288,49.845392702535555,-3.6296167325317485,-3.9024167325317465,672,41.55844155844156,0.5372
SEI,919,41933781.11049685,-0.06751550353679744,-0.17417579569633046,-0.19665840210665309,-0.5074584021066484,50.27203482045702,50.16322089227421,-3.015739707078707,-3.141339707078708,389,42.328618063112074,0.3108000000000001
BAT,1878,9466712.590772182,-0.05046537953234164,-0.17496276670168937,-0.27172758591524804,-0.9417275859152583,49.84025559105431,49.6272630457934,-1.9075236558253605,-1.9251236558253608,838,44.621938232161874,0.6700000000000002
NEO,1878,18459912.41638115,-0.051915405014615744,-0.17968970220764324,-0.2756041270162427,-0.9536041270162547,49.201277955271564,48.93503727369542,-1.9381349838065987,-2.4922904184458448,848,45.15441959531417,0.6780000000000002
DIA,507,3267506.697290979,-0.07827814668648927,-0.1883314112186097,-0.13644046681760558,-0.3280404668176079,48.12623274161736,47.928994082840234,-1.803720049660908,-1.9061200496609092,240,47.337278106508876,0.19160000000000002
DASH,1878,15391468.809531093,-0.08424944550574207,-0.1977487351890045,-0.4707030544994585,-1.1047030544994363,49.84025559105431,49.52076677316294,-2.5461705013008458,-2.6837705013008444,793,42.225772097976574,0.6340000000000001
ONG,817,2412110.3557641637,-0.06770151067584519,-0.2014119688822878,-0.137452196011436,-0.4090521960114337,49.326805385556916,48.837209302325576,-1.8260992483201703,-1.981299248320171,340,41.615667074663406,0.27160000000000006
LRC,1878,18960718.21868999,-0.10374579944452202,-0.20800965503814914,-0.6565572312168412,-1.316157231216827,50.58572949946751,50.42598509052183,-3.162402351786013,-3.3115070613478412,825,43.9297124600639,0.6596000000000001
ETC,1878,62567442.152698554,-0.10151262546955853,-0.21508540218930355,-0.5428836204188865,-1.1504836204188862,51.2779552715655,50.95846645367412,-3.912680622008814,-4.067080622008816,760,40.46858359957402,0.6076
ENJ,1878,19434950.19533759,-0.10991456831276422,-0.2159709066850627,-0.6755712061477572,-1.3271712061477632,49.201277955271564,48.82854100106496,-2.6388978506342653,-2.6612978506342655,815,43.39723109691161,0.6516000000000001
BANK,100,2088792.704207895,-0.07062079878985553,-0.21635649215513594,-0.01996215816871061,-0.06116215816871111,52.0,52.0,-0.7241160363203976,-0.7369160363203977,52,52.0,0.041200000000000014
C98,1642,10865013.779087678,-0.10138827076720894,-0.21693274066956683,-0.5190771396381884,-1.1106771396381947,49.87819732034105,49.69549330085262,-2.6383312556468432,-3.1279312556468497,740,45.06699147381242,0.5916
LINK,1878,96689028.80176297,-0.09526691802447779,-0.22289482150962742,-0.493361873384075,-1.154561873384063,50.21299254526092,49.89350372736954,-4.0901242278819705,-4.473324227881966,827,44.036208732694355,0.6612
ANIME,394,6642843.759378938,-0.14223152868093103,-0.2300092027673392,-0.18850219511599864,-0.3049021951160005,46.954314720812185,46.954314720812185,-1.185009384135665,-1.2170093841356655,146,37.055837563451774,0.1164
ARKM,939,17978447.04450178,-0.13650164224167247,-0.23486307688086813,-0.45044618772284817,-0.774846187722842,50.905218317358894,50.905218317358894,-2.5142443223463746,-2.692644322346375,406,43.23748668796592,0.3244
CVX,213,2397067.570858758,-0.15523781900564995,-0.24404920667608976,-0.10706061076627893,-0.1682606107662792,51.173708920187785,51.173708920187785,-0.9267826048209388,-0.9435826048209389,77,36.15023474178404,0.061200000000000004
CHR,1807,14842533.058580708,-0.1456922673035764,-0.2497724904357844,-0.89513198283465,-1.533931982834639,50.02767017155506,49.91698948533481,-2.210736048439244,-2.4320096956926096,799,44.2169341449917,0.6388
PENGU,431,54802585.06075864,-0.16063788017377945,-0.250019948187504,-0.28251598259813215,-0.4397159825981335,51.508120649651964,51.508120649651964,-1.7057256200015027,-1.7169256200015028,197,45.707656612529,0.15720000000000003
FIO,519,2057361.8767946719,-0.16843554676576553,-0.25306262430351684,-0.3686854878667408,-0.553885487866737,49.90366088631985,49.71098265895954,-2.1886785629226555,-2.295878562922653,232,44.701348747591524,0.18520000000000003
C,218,6059152.771321465,-0.15282496039532747,-0.2540205178250978,-0.10584437234037591,-0.17584437234037728,54.58715596330275,54.12844036697248,-1.1827012785292017,-1.2091012785292024,88,40.36697247706422,0.07
EDU,1028,7061981.195106977,-0.1412529603114422,-0.2565318673595789,-0.4317327963983246,-0.7841327963983287,50.4863813229572,50.0,-2.6713291533340815,-2.873729153334083,441,42.8988326848249,0.35240000000000005
ZKC,159,13743261.277272139,-0.17808491185963066,-0.2574363670458928,-0.11758569969292731,-0.16998569969292776,49.056603773584904,48.42767295597484,-1.067525174721375,-1.0931251747213748,66,41.509433962264154,0.0524
T,1116,3680967.5766004706,-0.13218421941152333,-0.26217948911775824,-0.38275286197472,-0.75915286197472,49.6415770609319,49.37275985663083,-2.352543847066049,-2.6389438470660487,471,42.204301075268816,0.3764
DOT,1878,121324519.24293435,-0.14700995034082706,-0.2656770506857079,-0.7466647646643495,-1.3494647646643392,50.0,49.6272630457934,-3.1009331554797868,-3.5961331554797797,754,40.14909478168264,0.6028
TWT,841,4527655.29800421,-0.11105050295440363,-0.27966144200044896,-0.1956267809688741,-0.49282678096887367,47.91914387633769,47.4435196195006,-1.4057995452986707,-1.6172169075623408,372,44.23305588585018,0.2972
RONIN,746,5938756.0840679845,-0.15130119500080955,-0.2820944386151407,-0.2863258995071414,-0.5339258995071421,48.39142091152815,48.257372654155496,-1.3723206783111674,-1.5415339785803601,310,41.55495978552279,0.24760000000000004
CAKE,842,22891802.235439006,-0.18643162088865972,-0.2984445831372551,-0.43841142056927696,-0.7020114205692745,48.33729216152019,48.33729216152019,-1.9191336773996874,-2.111238067946053,330,39.19239904988123,0.2636
FLOW,1472,6526560.471527863,-0.1678415678381225,-0.3010032006423779,-0.6404530512643337,-1.1488530512643282,47.96195652173913,47.96195652173913,-2.263052297662417,-2.4326522976624134,636,43.20652173913043,0.5084
AEVO,710,11940843.187512733,-0.20223271218522218,-0.3039524893830318,-0.49710297314889496,-0.7471029731488855,51.97183098591549,51.69014084507042,-1.9459884850685267,-2.0539884850685226,313,44.08450704225352,0.25
STEEM,836,2664645.466945609,-0.1639558263190919,-0.30724098122209054,-0.34167946190475784,-0.6404794619047621,49.760765550239235,49.282296650717704,-1.3009246764883522,-1.477911617368512,374,44.73684210526316,0.29880000000000007
INIT,303,11122490.876675963,-0.24116695997009038,-0.30834252295708425,-0.31085410093520327,-0.39765410093520537,51.48514851485149,51.48514851485149,-1.1774354649654282,-1.1790354649654284,109,35.973597359735976,0.0868
ETHFI,705,34792719.91849763,-0.22770445772936668,-0.31551300296962714,-0.5753518690114816,-0.7973518690114793,47.5177304964539,47.23404255319149,-2.409751445978314,-2.476151445978314,278,39.43262411347518,0.22200000000000003
ACT,467,32820579.878553905,-0.22317522036327825,-0.3225147990111087,-0.4426144332074131,-0.6398144332074118,51.39186295503212,50.74946466809421,-1.9666146682344519,-2.021014668234452,247,52.890792291220556,0.19720000000000004
BNT,926,2154071.639165968,-0.18223647693488287,-0.329486143779073,-0.40845310369451615,-0.7384531036945078,50.75593952483801,50.53995680345572,-2.656475809926606,-2.7656622600965144,413,44.600431965442766,0.33000000000000007
GRT,1878,23005969.975670163,-0.22376699520708485,-0.32949688438843955,-1.3910880918999076,-2.0482880918999014,48.45580404685836,48.18956336528222,-3.254208608400581,-3.769408608400579,822,43.76996805111821,0.6572000000000001
ORDI,837,53554730.08308526,-0.24147948437281316,-0.33147575428553977,-0.7560651888932876,-1.0380651888932837,50.89605734767025,50.29868578255675,-4.015576335631051,-4.165976335631051,353,42.17443249701314,0.28200000000000003
PHB,1101,5107113.290271758,-0.23834749162474667,-0.34156892271862166,-0.8956797105692756,-1.284079710569269,49.59128065395095,49.50045413260672,-3.6397650378690027,-3.912565037868996,486,44.141689373297005,0.3884000000000001
VIRTUAL,316,29013984.435370035,-0.2655858440733854,-0.3468658815451806,-0.3613714305325616,-0.47217143053256116,50.63291139240506,50.63291139240506,-1.433543635889506,-1.4527436358895052,139,43.9873417721519,0.11080000000000001
2Z,142,19622102.3463991,-0.24602883511671145,-0.34726377336945885,-0.10359943283510509,-0.14639943283510587,47.88732394366197,47.88732394366197,-0.6157744223708576,-0.6344047704895396,54,38.028169014084504,0.0428
ANKR,1852,11631166.6063941,-0.24264772830067943,-0.35158300839279,-1.3693428314249694,-1.9841428314249665,49.29805615550756,49.13606911447084,-3.2018973060608156,-3.758697306060813,769,41.522678185745136,0.6148000000000001
GAS,850,8115902.914854862,-0.23715457834688522,-0.3537352374177132,-0.5581574662978094,-0.832157466297805,48.470588235294116,48.35294117647059,-1.714560509769337,-1.8193605097693373,343,40.35294117647059,0.274
ZEC,1878,37154213.412505746,-0.2583731211915144,-0.3677287479116106,-1.5046978745294821,-2.1418978745294717,49.680511182108624,49.52076677316294,-4.86155404692641,-5.17275404692641,797,42.438764643237484,0.6372000000000001
ACX,442,4855239.335840021,-0.22718962491507466,-0.3708694418712094,-0.2685926444749104,-0.43859264447491253,52.03619909502263,51.35746606334841,-1.0096206885220593,-1.09762068852206,213,48.19004524886878,0.17000000000000004
HUMA,271,7778884.696654879,-0.2560336020394314,-0.37378561578532826,-0.2131568953996742,-0.31115689539967484,49.815498154981555,49.815498154981555,-0.8905957747157981,-0.9193957747157985,123,45.38745387453875,0.098
CFX,1097,23173772.259622637,-0.282133123414172,-0.3835971585348276,-1.1227858285701422,-1.5263858285701302,49.5897903372835,49.22515952597995,-3.7233901435054126,-4.008190143505406,505,46.03463992707384,0.4036
SYS,551,1813269.489766248,-0.26853005968839044,-0.3995793229618662,-0.4129377226625701,-0.6141377226625718,47.005444646098006,46.46098003629764,-1.5828059056231982,-1.631605905623197,252,45.73502722323049,0.20120000000000005
WAXP,857,2138848.2605946497,-0.2501825820911923,-0.4016980019976127,-0.4839356954408127,-0.7771356954408166,46.67444574095683,46.44107351225204,-1.501942846173353,-1.7134255031107342,367,42.82380396732789,0.2932
THETA,1878,32707016.52044802,-0.28525848842254,-0.40236484536885353,-1.6048390422656253,-2.263639042265627,50.0,49.78700745473908,-3.4610752874105906,-3.866675287410592,824,43.87646432374867,0.6588
SIGN,299,4873980.026503833,-0.33267763652434396,-0.42531364231725177,-0.31130283791565394,-0.39810283791565415,50.50167224080268,50.16722408026756,-0.9872834000018278,-1.0240834000018282,109,36.45484949832776,0.0868
BANANAS31,331,8186278.522761744,-0.367716553923736,-0.4257106363587908,-0.681883452121895,-0.789483452121896,53.17220543806647,52.87009063444109,-2.3536323801816055,-2.4008323801816065,135,40.78549848942598,0.1076
JASMY,1403,17736244.179010052,-0.3276469414095567,-0.42620439980078256,-1.5268446990893123,-1.9856446990893017,49.25160370634355,48.966500356379186,-3.4802989017897623,-3.630698901789755,574,40.91233071988596,0.4588
DEXE,424,3119388.479568173,-0.3169855740036037,-0.4301283703293541,-0.42265963828825037,-0.5734596382882512,52.358490566037744,51.886792452830186,-1.1382352506793976,-1.1742352506793978,189,44.575471698113205,0.1508
LPT,1563,7214420.151417527,-0.3422330871190626,-0.43316493985437193,-1.9940612020879218,-2.5240612020879225,49.520153550863725,49.32821497120921,-3.51698640077677,-3.6728881865544354,663,42.41842610364684,0.53
CATI,519,7623533.442912476,-0.33397467169228456,-0.4428226424736473,-0.5785610175916969,-0.7669610175916924,51.83044315992292,51.252408477842,-2.7917389875363807,-2.8685389875363785,236,45.472061657032754,0.1884
SFP,1823,7537125.108327679,-0.34678199197154735,-0.44302179167249683,-2.302705387348701,-2.94230538734869,49.75315414152496,49.424026330224905,-3.698953716862078,-3.8077537168620768,800,43.883708173340644,0.6396000000000002
MINA,1110,8841546.661914866,-0.336114054086177,-0.45410235374519453,-1.027636351592158,-1.3880363515921388,50.18018018018018,49.90990990990991,-1.9710287774427249,-2.238099858722585,451,40.630630630630634,0.36040000000000005
AVAX,1878,102098186.59919481,-0.3497261304682267,-0.4577695581465162,-2.109976847251077,-2.7615768472510642,48.82854100106496,48.56230031948881,-5.0958748081539635,-5.404265801808418,815,43.39723109691161,0.6516000000000002
YGG,931,11107341.661609102,-0.3626453114038284,-0.4627843318311681,-1.159037328649839,-1.4794373286498437,48.5499462943072,48.22771213748657,-2.0411252812455727,-2.1619252812455736,401,43.07196562835661,0.3204
BIO,414,16460832.230054837,-0.3945203054183299,-0.46913454127630067,-0.720755235231575,-0.8571552352315757,47.58454106280193,47.58454106280193,-1.9732735360740725,-2.093273536074073,171,41.30434782608695,0.13640000000000002
HEMI,151,14132739.123303607,-0.36627729222179484,-0.4705294839444069,-0.19559910568406702,-0.2511991056840683,51.65562913907284,50.993377483443716,-0.9884210592692259,-1.0236210592692268,70,46.35761589403973,0.0556
MEME,841,22301039.62069235,-0.40492749561149544,-0.49270905695605616,-1.294275703347688,-1.5746757033476841,49.10820451843044,48.75148632580262,-3.202701886289211,-3.385824860144595,351,41.73602853745541,0.2804
SPELL,1264,4509535.664570123,-0.40009021285640123,-0.5059568181013819,-1.533710253697447,-1.939710253697432,47.70569620253164,47.310126582278485,-4.4694290350468275,-4.671262141622787,508,40.189873417721515,0.406
SHELL,359,5133152.256860617,-0.4263298008835985,-0.5359471905929303,-0.5207940937422082,-0.6547940937422094,48.74651810584958,48.74651810584958,-1.270069751988258,-1.3676697519882586,168,46.796657381615596,0.134
RED,352,4447620.473078552,-0.4542332883759509,-0.5519131005759988,-0.5447787513749675,-0.6619787513749689,48.29545454545455,48.01136363636363,-1.8777233420453274,-1.9129233420453282,147,41.76136363636363,0.11720000000000001
STORJ,1878,9219458.324671354,-0.4669678776288397,-0.5558148013294991,-3.2299678531949354,-3.8447678531949316,48.136315228966986,47.92332268370607,-6.600622132326185,-7.072622132326183,769,40.94781682641108,0.6148
ZIL,1878,18228867.198107053,-0.46861864860541497,-0.5750132716224604,-2.830772959750635,-3.4727729597506354,50.106496272630466,50.106496272630466,-4.4864420983089905,-4.90884209830899,803,42.75825346112886,0.6420000000000001
AGLD,938,4441517.624182773,-0.47574273565945163,-0.5751631873624552,-1.604239168222112,-1.9398391682221043,48.40085287846482,48.18763326226013,-3.003795905713898,-3.27339590571389,420,44.776119402985074,0.3356
OP,1361,40627613.85502082,-0.47711497864052616,-0.5818765990390821,-2.1105914904182406,-2.57419149041824,48.346803820720055,48.19985304922851,-2.8422068578354445,-3.052606857835441,580,42.6157237325496,0.46360000000000007
A,269,4678285.629370036,-0.4700758511288702,-0.6164547807296377,-0.29088251148714106,-0.38168251148714155,50.92936802973978,50.55762081784386,-0.6519235377084474,-0.6903235377084475,114,42.37918215613383,0.09079999999999999
PENDLE,939,18599549.96575739,-0.5206791787708341,-0.6286626279538373,-1.5674964296563627,-1.8934964296563563,48.56230031948881,48.3493077742279,-3.714489719696138,-3.951289719696131,408,43.45047923322684,0.32600000000000007
MIRA,148,22617606.533982035,-0.565274366537665,-0.6794457391700678,-0.26372228003504317,-0.31692228003504347,47.2972972972973,47.2972972972973,-0.8048743916732606,-0.8312743916732608,67,45.27027027027027,0.053200000000000004
LSK,758,2713332.8082915805,-0.5656987840201291,-0.6799543169820965,-1.2592455563610196,-1.513245556361021,50.92348284960422,50.79155672823219,-1.6075017187654443,-1.6395017187654413,318,41.952506596306065,0.254
VET,1878,49486762.30145293,-0.5664651188554843,-0.6802663110055135,-3.0299613004505694,-3.638361300450563,50.798722044728436,50.42598509052183,-4.465867826557319,-4.956267826557314,761,40.52183173588924,0.6084
ARB,1066,70479616.77721785,-0.5609815821218381,-0.6851815641245448,-1.5709609048412647,-1.91936090484126,49.43714821763602,49.249530956848034,-1.968629154256319,-2.2134291542563194,436,40.90056285178236,0.34840000000000004
KNC,1878,6074198.306600229,-0.5783402127887046,-0.6867069721072008,-3.389414160173345,-4.0242141601733294,49.73375931842385,49.30777422790202,-4.911476473905325,-5.513876473905309,794,42.2790202342918,0.6348
BLUR,820,9151622.784292944,-0.5592345572019964,-0.6928084131155949,-1.2736109611450732,-1.5788109611450623,51.34146341463415,50.97560975609756,-2.025786811708526,-2.137315237260273,382,46.58536585365854,0.3052
G,555,2010370.2696321441,-0.5356806418608312,-0.6951975262199513,-0.6751917417728301,-0.8763917417728342,48.82882882882883,48.82882882882883,-1.0776610923503898,-1.1936610923503914,252,45.40540540540541,0.20120000000000002
ORCA,442,5394226.518054496,-0.634537518188527,-0.7074453173729919,-1.1980407430810143,-1.3360407430810077,51.35746606334841,51.35746606334841,-2.406403940300865,-2.441603940300864,173,39.14027149321267,0.138
HMSTR,513,8209969.322361372,-0.6435283452645987,-0.7348550341313416,-1.1636729140936477,-1.3288729140936424,48.53801169590643,48.53801169590643,-1.3172064084947488,-1.4564064084947455,207,40.35087719298245,0.1652
YFI,1878,12088461.509089585,-0.6149342414437087,-0.7373981833406323,-3.130136349568898,-3.753736349568901,49.89350372736954,49.680511182108624,-5.513440020201967,-5.929440020201968,780,41.533546325878596,0.6236
POL,526,17976745.242767096,-0.6021789456580249,-0.7485353309754404,-0.7573269146593192,-0.9417269146593176,47.14828897338403,46.958174904942965,-1.4061616204326972,-1.5221616204326973,231,43.91634980988593,0.1844
ICX,1878,6537432.351778527,-0.6479893079249067,-0.7744526730353856,-3.509697298073405,-4.195697298073378,49.30777422790202,48.93503727369542,-4.730744609392888,-5.328344609392858,858,45.68690095846645,0.6860000000000002
WLFI,173,55022204.29020898,-0.659090269754748,-0.7958542206145668,-0.3293878422485387,-0.39778784224853925,50.28901734104046,49.71098265895954,-0.6033658078241532,-0.6185658078241534,86,49.71098265895954,0.06840000000000002
MAGIC,1123,10348188.631458178,-0.721008662643262,-0.8141093628442593,-2.8539022879594533,-3.222302287959459,49.15405164737311,48.88691006233304,-4.1859937210675415,-4.398632952014699,461,41.05075690115761,0.3684
COS,509,2316048.5039796713,-0.7215597045712375,-0.8638711438284157,-0.9944920153237845,-1.1908920153237754,47.93713163064833,47.74066797642436,-1.6544756723592946,-1.7536756723592908,246,48.33005893909627,0.19640000000000005
F,119,4805020.841497294,-0.7869226227309387,-0.896693516389942,-0.2795417397225676,-0.3183417397225685,49.57983193277311,49.57983193277311,-0.6019282640669363,-0.6263835525748599,49,41.17647058823529,0.03880000000000001
VIC,346,2288163.102914114,-0.8385392622983907,-0.9249702827001842,-1.0658109046233404,-1.1758109046233358,47.398843930635834,47.398843930635834,-1.7522168116962873,-1.7658168116962876,138,39.884393063583815,0.11
AIXBT,407,17135694.638243113,-0.855714677401483,-0.938137490782518,-1.4454054817438626,-1.5850054817438601,49.877149877149876,49.631449631449634,-2.1720285051246986,-2.260028505124697,175,42.997542997543,0.13960000000000003
ENA,690,94910327.3557135,-0.8394723157667998,-0.9475297995576094,-2.1367028267934787,-2.4115028267934755,47.2463768115942,46.95652173913044,-3.445922355487145,-3.625122355487141,344,49.85507246376812,0.2748
VTHO,395,3496425.790354227,-0.8165961463491888,-0.9475347543008275,-0.7877308635262449,-0.9137308635262477,49.62025316455696,49.62025316455696,-1.6155146791250614,-1.7283146791250639,158,40.0,0.126
THE,451,15858076.74763645,-0.8673659057986909,-0.9607455835310967,-1.5809295142367152,-1.7509295142367107,51.88470066518847,51.21951219512195,-2.3151585071944014,-2.407958507194402,213,47.22838137472284,0.17000000000000004
SKY,157,3655996.986248831,-0.8373760309870428,-0.9976657996510142,-0.29009169150226344,-0.3456916915022638,50.318471337579616,49.681528662420384,-0.6499357625849237,-0.6931357625849238,70,44.5859872611465,0.0556
EDEN,144,9712168.15660367,-0.8966899209135473,-1.0066991819228257,-0.4432220783067754,-0.49722207830677656,41.66666666666667,41.66666666666667,-0.8469884356501144,-0.8509884356501145,68,47.22222222222222,0.054
SOPH,269,3952391.491660495,-0.9110581570343251,-1.0135025869373637,-0.727748974358597,-0.8097489743585979,52.04460966542751,52.04460966542751,-1.4288575885239485,-1.467257588523949,103,38.28996282527881,0.082
LAYER,375,12048141.428392153,-0.9509470985958839,-1.0392494143747188,-1.1776806455437416,-1.2868806455437414,45.6,45.6,-2.8495506016230183,-2.927150601623018,137,36.53333333333333,0.10919999999999999
HAEDAL,276,3195084.162419345,-0.9245041875843552,-1.0460784112897412,-0.8220515868552924,-0.9304515868552896,50.0,49.63768115942029,-1.6650393626734459,-1.7162393626734465,136,49.275362318840585,0.1084
MLN,327,2186969.2899914663,-0.978416778128524,-1.066853886691442,-1.2464191726180756,-1.3596191726180753,51.37614678899083,50.764525993883794,-1.5600541685230533,-1.6243854171658536,142,43.425076452599384,0.1132
ALT,758,16816484.975358136,-1.0217547098973292,-1.12824351939024,-2.548420194798264,-2.8136201947982595,49.47229551451187,49.07651715039577,-3.111429359206556,-3.29142935920655,332,43.79947229551451,0.26520000000000005
GLM,730,4549398.209517621,-1.0227402416364846,-1.1294196999799577,-2.0290217378551096,-2.241421737855106,47.534246575342465,47.397260273972606,-2.531024259397758,-2.7038242593977553,266,36.43835616438356,0.2124
STO,295,4008868.8904767637,-1.0765646437470104,-1.164272372959863,-1.2075462769629182,-1.305546276962918,51.52542372881356,51.52542372881356,-1.6958664391327978,-1.7640474734990144,123,41.69491525423729,0.098
MOVE,439,18659330.554461766,-1.0814244981309296,-1.1859645812178308,-1.5137079402429332,-1.660507940242929,49.202733485193626,48.9749430523918,-2.5270188661964945,-2.587018866196493,184,41.91343963553531,0.1468
ME,438,8745562.717257641,-1.1130886290103117,-1.208755117690465,-1.4523604231628247,-1.5775604231628229,49.77168949771689,49.31506849315068,-1.8892105564483561,-2.0036105564483546,157,35.84474885844749,0.1252
ARK,883,5326273.816901783,-1.1268976841671057,-1.2262512273983328,-3.1578918421175732,-3.435891842117564,45.75311438278596,45.18686296715742,-3.4305447068670665,-3.7049447068670562,348,39.41109852774632,0.278
ZBT,127,16675609.880981702,-1.1970005698549753,-1.2541911526877547,-0.8112729060607621,-0.8500729060607626,48.031496062992126,48.031496062992126,-1.4281402521749582,-1.4448960089601188,49,38.582677165354326,0.03880000000000001
CVC,281,933478.3178950507,-1.1266735942110515,-1.265173386636316,-0.6743128481567434,-0.7571128481567444,49.11032028469751,48.754448398576514,-1.3667274646948784,-1.4163274646948791,104,37.01067615658363,0.0828
PAXG,331,38740825.05412606,-0.8060337365183771,-1.2728370138117937,-0.20072738590129469,-0.3163273859012946,48.6404833836858,45.9214501510574,-0.3622663778944418,-0.38958461477640083,145,43.80664652567976,0.11560000000000001
FLUX,536,2010442.8639243434,-1.1708551367407147,-1.2734729213509175,-2.2279221698993164,-2.4235221698993135,47.94776119402985,47.94776119402985,-2.4959798197689107,-2.646488668063512,245,45.7089552238806,0.19560000000000002
OPEN,166,25521170.325311776,-1.3121242333169227,-1.3883336042056849,-0.8213313215199531,-0.8689313215199542,45.78313253012048,45.78313253012048,-0.9287058452703376,-0.9343058452703377,60,36.144578313253014,0.047599999999999996
SAHARA,240,9396944.163885001,-1.4108065462139916,-1.4718641911373609,-1.3415324815278487,-1.4003324815278475,46.666666666666664,46.666666666666664,-2.256200221791708,-2.2906002217917067,74,30.833333333333336,0.058800000000000005
TOWNS,200,6039691.395685187,-1.489775508954871,-1.5875634248380497,-0.9749943337423208,-1.0393943337423217,42.0,41.0,-1.3919382056609497,-1.4255382056609502,81,40.5,0.0644
RENDER,575,21040854.88566263,-1.5655483292755223,-1.685844941130695,-2.610519334740225,-2.810919334740224,48.17391304347826,48.0,-3.0770408058885605,-3.2634408058885604,251,43.65217391304348,0.20040000000000002
PNUT,467,73912020.89730102,-1.6101102678271972,-1.696747555970241,-3.4593472968792693,-3.6461472968792648,46.03854389721627,46.03854389721627,-4.843116811918875,-4.985516811918872,234,50.107066381156315,0.18680000000000002
KERNEL,313,6973208.633824372,-1.6088834460274766,-1.7103014718098906,-1.7116892187953654,-1.819289218795363,47.6038338658147,47.284345047923324,-2.64000568776983,-2.702405687769828,135,43.13099041533546,0.1076
CTK,297,1209381.69975955,-1.6059993470882405,-1.7167419044666625,-1.168064217602527,-1.249264217602527,46.464646464646464,46.464646464646464,-1.153962321328493,-1.232362321328493,102,34.34343434343434,0.0812
METIS,711,3552769.5107733514,-1.6628375625553038,-1.7701864289916336,-3.6624096620677085,-3.899609662067695,46.554149085794656,45.9915611814346,-4.571629034418842,-4.683629034418839,297,41.77215189873418,0.23720000000000002
MITO,176,7851628.297383074,-1.6763836380529495,-1.7721781289467828,-1.1738660208313785,-1.2406660208313782,48.29545454545455,48.29545454545455,-1.5163577366514889,-1.5651577366514888,84,47.72727272727273,0.06680000000000001
WIF,718,111091507.99619779,-1.7208543485532173,-1.8113014233425346,-4.800228419053105,-5.0510284190531,46.10027855153203,45.96100278551532,-5.234629350280204,-5.440229350280196,314,43.73259052924791,0.2508
EUL,131,9118278.604782345,-1.850540401933417,-1.9473552302275625,-0.8905729191279627,-0.9365729191279634,45.038167938931295,45.038167938931295,-0.9833430193737701,-1.0289430193737708,58,44.274809160305345,0.046
AWE,276,1849866.4139042415,-1.8766422105878693,-1.9676401467113007,-1.4523323422020602,-1.5231323422020617,49.275362318840585,48.91304347826087,-1.500233343119575,-1.5706333431195765,89,32.2463768115942,0.0708
RARE,555,8349040.086262988,-1.9226722895286192,-2.037197964324724,-3.5011956562758746,-3.7095956562758743,46.126126126126124,45.765765765765764,-3.6390687522509206,-3.8206687522509193,261,47.02702702702703,0.2084
YB,129,6675133.597930141,-1.9551927308106392,-2.0679115076571373,-0.8832927446671569,-0.9348927446671575,44.96124031007752,44.96124031007752,-0.8581332775073527,-0.8869332775073531,65,50.3875968992248,0.05160000000000001
ALLO,102,11160225.235471033,-2.0711215533305536,-2.1674848384751813,-0.7863338742006065,-0.8235338742006074,43.13725490196079,43.13725490196079,-0.9813354490766611,-1.017335449076662,47,46.07843137254902,0.037200000000000004
FORM,339,11771561.793916542,-2.2200391424982446,-2.282589434907966,-2.881603489756337,-2.9644034897563376,45.13274336283185,45.13274336283185,-3.7560231517491895,-3.8288231517491895,104,30.678466076696164,0.0828
SAPIEN,107,7021013.228621902,-2.354764353376331,-2.4256327319714517,-1.2083333486697212,-1.2447333486697203,46.728971962616825,45.794392523364486,-1.537188318968672,-1.5611883189686717,46,42.99065420560748,0.0364
DOLO,178,8243881.755735892,-2.5456821351987595,-2.6138778524919086,-2.02945589372265,-2.0842558937226503,50.0,49.43820224719101,-2.3737218719908926,-2.4161218719908923,69,38.764044943820224,0.0548
